totinc,p,ainc,pop,tinc,sinc,year,iso
161934.36803540602,0,4.6412235563673215e-18,35082703.326384775,1.5446985020345748e-11,2.8661139773321898e-24,2017,ES
161934.36803540602,0.1,2122.1505667678985,35082703.326384775,0.001048848828395664,0.0013105004160104557,2017,ES
161934.36803540602,0.2,9672.641573239833,35082703.326384775,3030.336438927893,0.00597318635357564,2017,ES
161934.36803540602,0.3,37868.315273821536,35082703.326384775,25818.123656630083,0.02338497734189561,2017,ES
161934.36803540602,0.4,56619.74448307218,35082703.326384775,48441.43365361656,0.034964624971205976,2017,ES
161934.36803540602,0.5,74624.3978164959,35082703.326384775,66549.36397055282,0.04608311300549844,2017,ES
161934.36803540602,0.6,102629.76402612317,35082703.326384775,85932.54434793796,0.06337738262188032,2017,ES
161934.36803540602,0.7,135729.7541532679,35082703.326384775,122883.55381042605,0.04190887820786488,2017,ES
161934.36803540602,0.75,173876.44821980267,35082703.326384775,151241.43489550633,0.05368732108238621,2017,ES
161934.36803540602,0.8,265588.71149138693,35082703.326384775,197919.2125381387,0.16401009539452266,2017,ES
161934.36803540602,0.9,448901.21749820816,35082703.326384775,356384.3078329613,0.13860591267446631,2017,ES
161934.36803540602,0.95,874718.7367257262,35082703.326384775,581255.7186421987,0.21606747161528414,2017,ES
161934.36803540602,0.99,1850648.3956711572,35082703.326384775,1558004.6731998029,0.05714192787248485,2017,ES
161934.36803540602,0.9949999999999999,3293195.6978318812,35082703.326384775,2282998.345692173,0.08134643035410338,2017,ES
161934.36803540602,0.999,8049489.99114564,35082703.326384775,5374072.059605809,0.04473751359838758,2017,ES
161934.36803540602,0.9998999999999999,44371092.88004859,35082703.326384775,17747491.768382642,0.02740066449043818,2017,ES
157217.8330440835,0,4.5060422877352634e-18,35082703.326384775,1.4997072835287134e-11,2.8661139773321898e-24,2016,ES
157217.8330440835,0.1,2060.340356085338,35082703.326384775,0.0010182998333938484,0.0013105004160104557,2016,ES
157217.8330440835,0.2,9390.914148776536,35082703.326384775,2942.0742125513525,0.00597318635357564,2016,ES
157217.8330440835,0.3,36765.35463477819,35082703.326384775,25066.13947245639,0.02338497734189561,2016,ES
157217.8330440835,0.4,54970.62571172056,35082703.326384775,47030.518110307334,0.034964624971205976,2016,ES
157217.8330440835,0.5,72450.87166650087,35082703.326384775,64611.032981119235,0.04608311300549844,2016,ES
157217.8330440835,0.6,99640.54759817783,35082703.326384775,83429.65470673588,0.06337738262188032,2016,ES
157217.8330440835,0.7,131776.46034297853,35082703.326384775,119304.42117517092,0.04190887820786488,2016,ES
157217.8330440835,0.75,168812.08565029385,35082703.326384775,146836.34455874402,0.05368732108238621,2016,ES
157217.8330440835,0.8,257853.11795280283,35082703.326384775,192154.57527974632,0.16401009539452266,2016,ES
157217.8330440835,0.9,435826.4247555419,35082703.326384775,346004.18236209836,0.13860591267446631,2016,ES
157217.8330440835,0.95,849241.4919667244,35082703.326384775,564325.9404293192,0.21606747161528414,2016,ES
157217.8330440835,0.99,1796746.0152147156,35082703.326384775,1512625.8963104882,0.05714192787248485,2016,ES
157217.8330440835,0.9949999999999999,3197277.376535807,35082703.326384775,2216503.248244828,0.08134643035410338,2016,ES
157217.8330440835,0.999,7815038.82635499,35082703.326384775,5217545.688937678,0.04473751359838758,2016,ES
157217.8330440835,0.9998999999999999,43078730.951503485,35082703.326384775,17230574.53241033,0.02740066449043818,2016,ES
152638.67285833348,0,4.3747983376070515e-18,35082703.326384775,1.4560264888628286e-11,2.8661139773321898e-24,2015,ES
152638.67285833348,0.1,2000.3304428012991,35082703.326384775,9.88640614945484e-4,0.0013105004160104557,2015,ES
152638.67285833348,0.2,9117.392377452947,35082703.326384775,2856.382730632381,0.00597318635357564,2015,ES
152638.67285833348,0.3,35694.51906289144,35082703.326384775,24336.05774024892,0.02338497734189561,2015,ES
152638.67285833348,0.4,53369.53952594229,35082703.326384775,45660.69719447314,0.034964624971205976,2015,ES
152638.67285833348,0.5,70340.6521033989,35082703.326384775,62729.15823409634,0.04608311300549844,2015,ES
152638.67285833348,0.6,96738.39572638624,35082703.326384775,80999.66476382123,0.06337738262188032,2015,ES
152638.67285833348,0.7,127938.3110126005,35082703.326384775,115829.53512152516,0.04190887820786488,2015,ES
152638.67285833348,0.75,163895.22878669307,35082703.326384775,142559.55782402333,0.05368732108238621,2015,ES
152638.67285833348,0.8,250342.83296388623,35082703.326384775,186557.8400774236,0.16401009539452266,2015,ES
152638.67285833348,0.9,423132.4512189727,35082703.326384775,335926.39064281393,0.13860591267446631,2015,ES
152638.67285833348,0.95,824506.3028803149,35082703.326384775,547889.262552737,0.21606747161528414,2015,ES
152638.67285833348,0.99,1744413.6070045782,35082703.326384775,1468568.831369406,0.05714192787248485,2015,ES
152638.67285833348,0.9949999999999999,3104152.7927532103,35082703.326384775,2151944.9012085707,0.08134643035410338,2015,ES
152638.67285833348,0.999,7587416.3362669805,35082703.326384775,5065578.338774445,0.04473751359838758,2015,ES
152638.67285833348,0.9998999999999999,41824010.63252766,35082703.326384775,16728713.138262458,0.02740066449043818,2015,ES
148192.88627022668,0,4.247377026802963e-18,35082703.326384775,1.4136179503522607e-11,2.8661139773321898e-24,2014,ES
148192.88627022668,0.1,1942.0683910692223,35082703.326384775,9.598452572286251e-4,0.0013105004160104557,2014,ES
148192.88627022668,0.2,8851.837259663054,35082703.326384775,2773.1871171188163,0.00597318635357564,2014,ES
148192.88627022668,0.3,34654.87287659363,35082703.326384775,23627.240524513516,0.02338497734189561,2014,ES
148192.88627022668,0.4,51815.08691839057,35082703.326384775,44330.77397521664,0.034964624971205976,2014,ES
148192.88627022668,0.5,68291.89524601835,35082703.326384775,60902.09537290907,0.04608311300549844,2014,ES
148192.88627022668,0.6,93920.77254988955,35082703.326384775,78640.4512270109,0.06337738262188032,2014,ES
148192.88627022668,0.7,124211.95243941796,35082703.326384775,112455.85934128656,0.04190887820786488,2014,ES
148192.88627022668,0.75,159121.58134630395,35082703.326384775,138407.33769322652,0.05368732108238621,2014,ES
148192.88627022668,0.8,243051.29413969535,35082703.326384775,181124.1165800229,0.16401009539452266,2014,ES
148192.88627022668,0.9,410808.20506696374,35082703.326384775,326142.12683768343,0.13860591267446631,2014,ES
148192.88627022668,0.95,800491.5561944804,35082703.326384775,531931.3228667349,0.21606747161528414,2014,ES
148192.88627022668,0.99,1693605.4436937652,35082703.326384775,1425794.9819120448,0.05714192787248485,2014,ES
148192.88627022668,0.9949999999999999,3013740.5754885534,35082703.326384775,2089266.8943772533,0.08134643035410338,2014,ES
148192.88627022668,0.999,7366423.62744367,35082703.326384775,4918037.2221111115,0.04473751359838758,2014,ES
148192.88627022668,0.9998999999999999,40605835.56556083,35082703.326384775,16241469.066274231,0.02740066449043818,2014,ES
51538.03064872332,0,0,24041635,3.0587260906713444e-8,0,1980,ES
51538.03064872332,0.1,79.45184889363422,24041635,0.002210160153392551,1.5416159269873532e-4,1980,ES
51538.03064872332,0.2,884.0656733209548,24041635,659.541199694456,0.0017153656478390374,1980,ES
51538.03064872332,0.3,14500.966275443014,24041635,6318.912823319979,0.028136438457029463,1980,ES
51538.03064872332,0.4,19011.5250254881,24041635,15465.549848832436,0.036888342038267304,1980,ES
51538.03064872332,0.5,29773.86429440764,24041635,24838.679512365223,0.05777066744622531,1980,ES
51538.03064872332,0.6,35701.111657936824,24041635,32580.232364640207,0.0692713928113999,1980,ES
51538.03064872332,0.7,40700.436147772474,24041635,39116.13480967966,0.03948582787842778,1980,ES
51538.03064872332,0.75,45231.78662424955,24041635,42263.6909298927,0.04388195091557116,1980,ES
51538.03064872332,0.8,59396.68571986824,24041635,46882.62599060608,0.11524826418903839,1980,ES
51538.03064872332,0.9,145773.21304369924,24041635,105327.78095275357,0.14142295622165965,1980,ES
51538.03064872332,0.95,313573.05511869537,24041635,193304.28593243985,0.24337216705540787,1980,ES
51538.03064872332,0.99,665686.0366377454,24041635,568564.7223984349,0.06458202110738018,1980,ES
51538.03064872332,0.9949999999999999,1170495.8057322216,24041635,823872.5919898114,0.0908452101098085,1980,ES
51538.03064872332,0.999,2692561.554114414,24041635,1817930.3298801647,0.04701975159314192,1980,ES
51538.03064872332,0.9998999999999999,10413507.988329165,24041635,5405559.096007811,0.020205482936119016,1980,ES
53084.17156818502,0,0,24041635,3.150487873391485e-8,0,1981,ES
53084.17156818502,0.1,81.83540436044325,24041635,0.0022764649579943277,1.5416159269873532e-4,1981,ES
53084.17156818502,0.2,910.5876435205835,24041635,679.3274356852897,0.0017153656478390374,1981,ES
53084.17156818502,0.3,14935.995263706305,24041635,6508.480208019579,0.028136438457029463,1981,ES
53084.17156818502,0.4,19581.87077625274,24041635,15929.51634429741,0.036888342038267304,1981,ES
53084.17156818502,0.5,30667.080223239867,24041635,25583.83989773618,0.05777066744622531,1981,ES
53084.17156818502,0.6,36772.14500767493,24041635,33557.63933557941,0.0692713928113999,1981,ES
53084.17156818502,0.7,41921.44923220565,24041635,40289.618853970045,0.03948582787842778,1981,ES
53084.17156818502,0.75,46588.74022297704,24041635,43531.60165778948,0.04388195091557116,1981,ES
53084.17156818502,0.8,61178.58629146429,24041635,48289.104770324266,0.11524826418903839,1981,ES
53084.17156818502,0.9,150146.40943501022,24041635,108487.61438133619,0.14142295622165965,1981,ES
53084.17156818502,0.95,322980.2467722562,24041635,199103.41451041304,0.24337216705540787,1981,ES
53084.17156818502,0.99,685656.6177368779,24041635,585621.664070388,0.06458202110738018,1981,ES
53084.17156818502,0.9949999999999999,1205610.6799041883,24041635,848588.7697495058,0.0908452101098085,1981,ES
53084.17156818502,0.999,2773338.4007378463,24041635,1872468.2397765697,0.04701975159314192,1981,ES
53084.17156818502,0.9998999999999999,10725913.22797904,24041635,5567725.868888046,0.020205482936119016,1981,ES
54676.69671523057,0,0,24041635,3.24500250959323e-8,0,1982,ES
54676.69671523057,0.1,84.29046649125655,24041635,0.0023447589067341575,1.5416159269873532e-4,1982,ES
54676.69671523057,0.2,937.905272826201,24041635,699.7072587558484,0.0017153656478390374,1982,ES
54676.69671523057,0.3,15384.075121617494,24041635,6703.734614260166,0.028136438457029463,1982,ES
54676.69671523057,0.4,20169.326899540323,24041635,16407.401834626333,0.036888342038267304,1982,ES
54676.69671523057,0.5,31587.092629937066,24041635,26351.355094668266,0.05777066744622531,1982,ES
54676.69671523057,0.6,37875.30935790518,24041635,34564.3685156468,0.0692713928113999,1982,ES
54676.69671523057,0.7,43179.09270917182,24041635,41498.307419589146,0.03948582787842778,1982,ES
54676.69671523057,0.75,47986.40242966635,24041635,44837.54970752316,0.04388195091557116,1982,ES
54676.69671523057,0.8,63013.94388020822,24041635,49737.777913433994,0.11524826418903839,1982,ES
54676.69671523057,0.9,154650.80171806054,24041635,111742.24281277627,0.14142295622165965,1982,ES
54676.69671523057,0.95,332669.6541754239,24041635,205076.51694572545,0.24337216705540787,1982,ES
54676.69671523057,0.99,706226.3162689842,24041635,603190.3139924996,0.06458202110738018,1982,ES
54676.69671523057,0.9949999999999999,1241779.000301314,24041635,874046.432841991,0.0908452101098085,1982,ES
54676.69671523057,0.999,2856538.5527599817,24041635,1928642.2869698668,0.04701975159314192,1982,ES
54676.69671523057,0.9998999999999999,11047690.62481841,24041635,5734757.644954687,0.020205482936119016,1982,ES
56316.99761668749,0,0,24041635,3.342352584881027e-8,0,1983,ES
56316.99761668749,0.1,86.81918048599425,24041635,0.0024151016739361823,1.5416159269873532e-4,1983,ES
56316.99761668749,0.2,966.042431010987,24041635,720.6984765185239,0.0017153656478390374,1983,ES
56316.99761668749,0.3,15845.59737526602,24041635,6904.846652687972,0.028136438457029463,1983,ES
56316.99761668749,0.4,20774.406706526534,24041635,16899.623889665123,0.036888342038267304,1983,ES
56316.99761668749,0.5,32534.70540883518,24041635,27141.895747508315,0.05777066744622531,1983,ES
56316.99761668749,0.6,39011.56863864233,24041635,35601.2995711162,0.0692713928113999,1983,ES
56316.99761668749,0.7,44474.46549044697,24041635,42743.25664217682,0.03948582787842778,1983,ES
56316.99761668749,0.75,49425.99450255634,24041635,46182.67619874886,0.04388195091557116,1983,ES
56316.99761668749,0.8,64904.36219661447,24041635,51229.911250837016,0.11524826418903839,1983,ES
56316.99761668749,0.9,159290.32576960235,24041635,115094.51009715955,0.14142295622165965,1983,ES
56316.99761668749,0.95,342649.7438006866,24041635,211228.81245409723,0.24337216705540787,1983,ES
56316.99761668749,0.99,727413.1057570538,24041635,621286.0234122747,0.06458202110738018,1983,ES
56316.99761668749,0.9949999999999999,1279032.3703103536,24041635,900267.8258272507,0.0908452101098085,1983,ES
56316.99761668749,0.999,2942234.7093427815,24041635,1986501.555578963,0.04701975159314192,1983,ES
56316.99761668749,0.9998999999999999,11379121.343562962,24041635,5906800.374303328,0.020205482936119016,1983,ES
58006.50754518812,0,0,24041635,3.4426231624274576e-8,0,1984,ES
58006.50754518812,0.1,89.42375590057408,24041635,0.0024875547241542677,1.5416159269873532e-4,1984,ES
58006.50754518812,0.2,995.0237039413166,24041635,742.3194308140796,0.0017153656478390374,1984,ES
58006.50754518812,0.3,16320.965296524,24041635,7111.992052268612,0.028136438457029463,1984,ES
58006.50754518812,0.4,21397.63890772233,24041635,17406.612606355076,0.036888342038267304,1984,ES
58006.50754518812,0.5,33510.74657110024,24041635,27956.152619933564,0.05777066744622531,1984,ES
58006.50754518812,0.6,40181.9156978016,24041635,36669.338558249685,0.0692713928113999,1984,ES
58006.50754518812,0.7,45808.69945516038,24041635,44025.554341442126,0.03948582787842778,1984,ES
58006.50754518812,0.75,50908.77433763303,24041635,47568.156484711326,0.04388195091557116,1984,ES
58006.50754518812,0.8,66851.4930625129,24041635,52766.80858836213,0.11524826418903839,1984,ES
58006.50754518812,0.9,164069.03554269043,24041635,118547.34540007434,0.14142295622165965,1984,ES
58006.50754518812,0.95,352929.23611470725,24041635,217565.67682772016,0.24337216705540787,1984,ES
58006.50754518812,0.99,749235.4989297654,24041635,639924.604114643,0.06458202110738018,1984,ES
58006.50754518812,0.9949999999999999,1317403.3414196642,24041635,927275.8606020682,0.0908452101098085,1984,ES
58006.50754518812,0.999,3030501.750623065,24041635,2046096.6022463317,0.04701975159314192,1984,ES
58006.50754518812,0.9998999999999999,11720494.983869852,24041635,6084004.385532428,0.020205482936119016,1984,ES
60287.634611745896,0,0,24367068.58548823,7.991603224320728e-8,0,1985,ES
60287.634611745896,0.1,92.913428056799,24367068.58548823,0.0022717770556170626,1.5411689089340488e-4,1985,ES
60287.634611745896,0.2,1024.4769943556196,24367068.58548823,771.5361500291175,0.0016993152923535325,1985,ES
60287.634611745896,0.3,17013.223429464197,24367068.58548823,7465.293742225157,0.028220087815735106,1985,ES
60287.634611745896,0.4,23565.709003339452,24367068.58548823,18028.24557707765,0.03908879350650145,1985,ES
60287.634611745896,0.5,35880.4260942674,24367068.58548823,32053.39751111847,0.05951539868057252,1985,ES
60287.634611745896,0.6,42039.35162481752,24367068.58548823,38660.36194900523,0.06973130044917528,1985,ES
60287.634611745896,0.7,48275.81491308982,24367068.58548823,45455.480744563894,0.04003790762731654,1985,ES
60287.634611745896,0.75,53942.15841279283,24367068.58548823,52267.90447604631,0.04473733192567757,1985,ES
60287.634611745896,0.8,74156.07610243278,24367068.58548823,55657.07464510581,0.12300379104272384,1985,ES
60287.634611745896,0.9,171181.2531665084,24367068.58548823,127784.15916969205,0.14197045071424713,1985,ES
60287.634611745896,0.95,359013.02264651883,24367068.58548823,223638.6366319686,0.23820010518480175,1985,ES
60287.634611745896,0.99,746003.7337218887,24367068.58548823,638279.7841126545,0.06187037678009416,1985,ES
60287.634611745896,0.9949999999999999,1311559.663655417,24367068.58548823,909008.5386039118,0.08702014415406654,1985,ES
60287.634611745896,0.999,3080739.731518741,24367068.58548823,2119778.066492881,0.045990621065540374,1985,ES
60287.634611745896,0.9998999999999999,11310116.319933347,24367068.58548823,6377080.375464879,0.018760258870300906,1985,ES
62749.57632925817,0,0,24673130.583044425,6.787226418022562e-9,0,1986,ES
62749.57632925817,0.1,96.5597792479869,24673130.583044425,0.001985004265557259,1.5388116525491834e-4,1986,ES
62749.57632925817,0.2,1003.7758822576535,24673130.583044425,803.0372933203511,0.0015996536406726683,1986,ES
62749.57632925817,0.3,18261.11840216405,24673130.583044425,6640.291845640255,0.029101580393698156,1986,ES
62749.57632925817,0.4,26759.18404182579,24673130.583044425,19294.448390984366,0.04264440591824173,1986,ES
62749.57632925817,0.5,38144.758555342196,24673130.583044425,35172.55367813878,0.06078887027888423,1986,ES
62749.57632925817,0.6,43847.34512762134,24673130.583044425,40445.26127421719,0.06987671900372128,1986,ES
62749.57632925817,0.7,54448.43848733894,24673130.583044425,50803.62553710299,0.04338550287705399,1986,ES
62749.57632925817,0.75,57983.25193078086,24673130.583044425,56388.2408744713,0.046202106311070926,1986,ES
62749.57632925817,0.8,80115.31809328604,24673130.583044425,59602.46676515613,0.12767467571877575,1986,ES
62749.57632925817,0.9,168187.59691856423,24673130.583044425,126135.8518092289,0.134014926280979,1986,ES
62749.57632925817,0.95,366030.30589021376,24673130.583044425,227624.81839020565,0.23332766676835426,1986,ES
62749.57632925817,0.99,744904.062853445,24673130.583044425,633518.0378558272,0.05935530615735037,1986,ES
62749.57632925817,0.9949999999999999,1328204.8469518158,24673130.583044425,915604.4400873008,0.08466701607561633,1986,ES
62749.57632925817,0.999,3260688.259131135,24673130.583044425,2202084.129247609,0.046767159316251465,1986,ES
62749.57632925817,0.9998999999999999,12826346.033479327,24673130.583044425,6545374.79623025,0.02044053009408389,1986,ES
69835.59050772508,0,0,24990961.890441153,1.491532467118611e-7,0,1987,ES
69835.59050772508,0.1,107.48130767884054,24990961.890441153,0.0018652336504851861,1.539062058434963e-4,1987,ES
69835.59050772508,0.2,1085.4651286118342,24990961.890441153,893.5937085289205,0.0015543151002521583,1987,ES
69835.59050772508,0.3,21170.172901373204,24990961.890441153,6612.759939324854,0.03031430356278208,1987,ES
69835.59050772508,0.4,30320.480135661797,24990961.890441153,22426.2018118769,0.0434169453071465,1987,ES
69835.59050772508,0.5,44351.00582162473,24990961.890441153,41338.91082199319,0.06350774082266647,1987,ES
69835.59050772508,0.6,50818.87452358609,24990961.890441153,46661.83932485162,0.07276930595720327,1987,ES
69835.59050772508,0.7,61706.26006874738,24990961.890441153,56754.59046205662,0.04417966513931145,1987,ES
69835.59050772508,0.75,65876.11275109193,24990961.890441153,64250.96871114422,0.047165143354665914,1987,ES
69835.59050772508,0.8,85634.21805696038,24990961.890441153,67519.81569743442,0.12262260179139983,1987,ES
69835.59050772508,0.9,178915.55997263978,24990961.890441153,132702.2779276378,0.1280976925031143,1987,ES
69835.59050772508,0.95,409509.10853551194,24990961.890441153,247998.05315828582,0.23455610845888855,1987,ES
69835.59050772508,0.99,808709.5372168429,24990961.890441153,714957.9280049986,0.05790095933443618,1987,ES
69835.59050772508,0.9949999999999999,1415365.3384883306,24990961.890441153,968395.8396293266,0.08106842532286204,1987,ES
69835.59050772508,0.999,3769610.4576244703,24990961.890441153,2394815.7818641644,0.04858052158213456,1987,ES
69835.59050772508,0.9998999999999999,16839012.872295484,24990961.890441153,8151225.524879605,0.024112365557286474,1987,ES
78509.50548372306,0,0,25292479.638621688,1.8971058169383157e-8,0,1988,ES
78509.50548372306,0.1,120.06178452396128,25292479.638621688,0.0017241609429151025,1.529264307350057e-4,1988,ES
78509.50548372306,0.2,1170.3922107567594,25292479.638621688,1004.3023495968864,0.001490764976222414,1988,ES
78509.50548372306,0.3,24972.423271308686,25292479.638621688,6592.365147801857,0.031808152551013186,1988,ES
78509.50548372306,0.4,33134.18818681911,25292479.638621688,26563.344712047467,0.04220404648159276,1988,ES
78509.50548372306,0.5,52092.15647442888,25292479.638621688,47507.86053156025,0.06635140057687516,1988,ES
78509.50548372306,0.6,59193.722790637585,25292479.638621688,54366.73472871863,0.07539688656287598,1988,ES
78509.50548372306,0.7,69640.21079579377,25292479.638621688,65566.82031231496,0.04435145169156105,1988,ES
78509.50548372306,0.75,76382.27413332785,25292479.638621688,74355.73772378573,0.0486452396195285,1988,ES
78509.50548372306,0.8,94400.42694114962,25292479.638621688,78409.14933219257,0.12024076111487046,1988,ES
78509.50548372306,0.9,191530.69674606182,25292479.638621688,140469.5410222988,0.12197930401292016,1988,ES
78509.50548372306,0.95,461204.0316275841,25292479.638621688,269204.9606418278,0.23497997027797013,1988,ES
78509.50548372306,0.99,940894.0670200107,25292479.638621688,828341.0248836211,0.05992230247935142,1988,ES
78509.50548372306,0.9949999999999999,1624972.0917909218,25292479.638621688,1117334.946959946,0.08279110060770231,1988,ES
78509.50548372306,0.999,4277787.260755864,25292479.638621688,2743909.3701072596,0.049038756657027394,1988,ES
78509.50548372306,0.9998999999999999,16209807.319524756,25292479.638621688,9063476.538623285,0.02064693595975032,1988,ES
86559.92545899288,0,1.0664994976281799e-8,25575879.07330616,1.2308126690734296e-8,1.2320938262977434e-14,1989,ES
86559.92545899288,0.1,132.09544976353413,25575879.07330616,0.001585132474872375,1.5260578040367353e-4,1989,ES
86559.92545899288,0.2,1278.5959577120473,25575879.07330616,1107.1666387402654,0.0014771222952563335,1989,ES
86559.92545899288,0.3,28932.576709584428,25575879.07330616,6885.574807170797,0.033424909455693826,1989,ES
86559.92545899288,0.4,36489.923321917595,25575879.07330616,30900.163351662864,0.04215567784794872,1989,ES
86559.92545899288,0.5,59932.65741475868,25575879.07330616,50939.85470131829,0.06923834222009735,1989,ES
86559.92545899288,0.6,67558.89958863432,25575879.07330616,62459.221634058005,0.0780487035200138,1989,ES
86559.92545899288,0.7,79245.15103002581,25575879.07330616,76131.07447024478,0.04577473386779179,1989,ES
86559.92545899288,0.75,87515.64337207776,25575879.07330616,84964.98637367654,0.05055205564700822,1989,ES
86559.92545899288,0.8,103599.8250985443,25575879.07330616,89980.61610463627,0.11968566810703174,1989,ES
86559.92545899288,0.9,203621.4874363557,25575879.07330616,148805.54750633208,0.11761879781933247,1989,ES
86559.92545899288,0.95,501332.2569881211,25575879.07330616,286514.345695723,0.23166944949629098,1989,ES
86559.92545899288,0.99,1036483.5971426221,25575879.07330616,912065.1366019138,0.05987086932241101,1989,ES
86559.92545899288,0.9949999999999999,1750169.952780014,25575879.07330616,1218211.6128483957,0.08087668483999304,1989,ES
86559.92545899288,0.999,4574042.608420379,25575879.07330616,2874137.286468292,0.047558247373123204,1989,ES
86559.92545899288,0.9998999999999999,18953275.89038964,25575879.07330616,10309249.794090409,0.021896132407585738,1989,ES
89845.95376660855,0,0,25861845.263001554,3.665405046108194e-8,0,1990,ES
89845.95376660855,0.1,136.1011682791294,25861845.263001554,0.0014438030851202344,1.5148280203321936e-4,1990,ES
89845.95376660855,0.2,1286.932409894979,25861845.263001554,1149.1132047886222,0.0014323765912018956,1990,ES
89845.95376660855,0.3,30660.113135654767,25861845.263001554,6604.8905119315605,0.03412520191538072,1990,ES
89845.95376660855,0.4,36785.826343368026,25861845.263001554,33060.74104199218,0.04094321981257608,1990,ES
89845.95376660855,0.5,63744.206292813426,25861845.263001554,49245.89796163631,0.07094833280795343,1990,ES
89845.95376660855,0.6,70985.34485119532,25861845.263001554,66841.38158017301,0.07900783716492436,1990,ES
89845.95376660855,0.7,83825.09468507077,25861845.263001554,78052.13489095701,0.046649343220743135,1990,ES
89845.95376660855,0.75,93987.26411530051,25861845.263001554,90527.45577089093,0.05230467270649153,1990,ES
89845.95376660855,0.8,111890.98574249113,25861845.263001554,96819.88257548596,0.12453647721649057,1990,ES
89845.95376660855,0.9,217764.06111767166,25861845.263001554,159970.74601250252,0.12118746142055195,1990,ES
89845.95376660855,0.95,527479.8938557915,25861845.263001554,305136.87533068616,0.23483746200792455,1990,ES
89845.95376660855,0.99,1056852.5459657444,25861845.263001554,940487.5875332585,0.058814699029802235,1990,ES
89845.95376660855,0.9949999999999999,1709886.799556951,25861845.263001554,1226221.7728344668,0.07612526676487832,1990,ES
89845.95376660855,0.999,4228555.281381563,25861845.263001554,2769483.856515246,0.04235805391001798,1990,ES
89845.95376660855,0.9998999999999999,14894763.408031465,25861845.263001554,8016422.841547157,0.01657811262902084,1990,ES
94339.29023426207,0,0,26181457.48437878,1.3248397011423338e-8,0,1991,ES
94339.29023426207,0.1,142.62310401876377,26181457.48437878,0.0013588369871597227,1.5118102294876714e-4,1991,ES
94339.29023426207,0.2,1351.1470614864108,26181457.48437878,1206.3046417969315,0.0014322209316301405,1991,ES
94339.29023426207,0.3,32874.265403300466,26181457.48437878,8106.971974552455,0.03484684411093993,1991,ES
94339.29023426207,0.4,38698.3027421928,26181457.48437878,35768.63303023133,0.041020345442601566,1991,ES
94339.29023426207,0.5,67672.20244049549,26181457.48437878,49036.46415136361,0.07173278733860808,1991,ES
94339.29023426207,0.6,77160.41028863679,26181457.48437878,72791.5737013361,0.0817903230955343,1991,ES
94339.29023426207,0.7,90209.83412020809,26181457.48437878,84501.73914034021,0.04781138054791398,1991,ES
94339.29023426207,0.75,100885.0336985626,26181457.48437878,94843.69722680855,0.053469256260062124,1991,ES
94339.29023426207,0.8,120182.19848325624,26181457.48437878,104648.86564850158,0.12739357926567116,1991,ES
94339.29023426207,0.9,230082.32812593336,26181457.48437878,169112.6049444607,0.12194406357870391,1991,ES
94339.29023426207,0.95,553500.79031216,26181457.48437878,321465.56177456025,0.23468516200947231,1991,ES
94339.29023426207,0.99,1098786.1931650208,26181457.48437878,981594.2803468172,0.05823587343282455,1991,ES
94339.29023426207,0.9949999999999999,1751226.5827461334,26181457.48437878,1255474.875661514,0.07425226873755617,1991,ES
94339.29023426207,0.999,3994991.147493733,26181457.48437878,2792007.7653602394,0.03811234983659179,1991,ES
94339.29023426207,0.9998999999999999,12379545.42645753,26181457.48437878,7271552.66258328,0.013122364388929776,1991,ES
88778.24753487388,0,0,26582431.999999415,1.4024801765934153e-9,0,1992,ES
88778.24753487388,0.1,896.021633026126,26582431.999999415,0.0017509033941986234,0.0010092806040963478,1992,ES
88778.24753487388,0.2,3048.416030500761,26582431.999999415,2261.5305314858365,0.003433742065367174,1992,ES
88778.24753487388,0.3,25841.275940118347,26582431.999999415,16778.650249858656,0.029107666188124957,1992,ES
88778.24753487388,0.4,44013.291840218975,26582431.999999415,32066.345933586093,0.049576662146805346,1992,ES
88778.24753487388,0.5,57829.95748782401,26582431.999999415,54843.84304788131,0.06513978265352358,1992,ES
88778.24753487388,0.6,66217.27151709025,26582431.999999415,61176.72754060574,0.07458727036831717,1992,ES
88778.24753487388,0.7,76772.47867036653,26582431.999999415,72782.81071961852,0.04323833867086012,1992,ES
88778.24753487388,0.75,87028.05459261595,26582431.999999415,80781.32878245134,0.049014289541156844,1992,ES
88778.24753487388,0.8,128181.59902854699,26582431.999999415,95464.18625288941,0.14438401589104885,1992,ES
88778.24753487388,0.9,233268.5432997963,26582431.999999415,179194.06921763395,0.13137708266214843,1992,ES
88778.24753487388,0.95,487913.96357340383,26582431.999999415,311578.7931710996,0.21983491547599737,1992,ES
88778.24753487388,0.99,1040460.7841097993,26582431.999999415,875144.6765687746,0.05859885799734126,1992,ES
88778.24753487388,0.9949999999999999,1747870.6010715067,26582431.999999415,1270993.4686287278,0.07875220111255106,1992,ES
88778.24753487388,0.999,3804296.300684667,26582431.999999415,2715796.1820183466,0.03856650435987554,1992,ES
88778.24753487388,0.9998999999999999,11877988.206131263,26582431.999999415,6734201.486074376,0.013379390262774933,1992,ES
88044.85228654863,0,0,26992073.04686389,1.2879149951156759e-8,0,1993,ES
88044.85228654863,0.1,818.6899966422678,26992073.04686389,0.8139678303101772,9.298556081141227e-4,1993,ES
88044.85228654863,0.2,3037.739426381794,26992073.04686389,2243.8326521373065,0.0034502180962212763,1993,ES
88044.85228654863,0.3,23515.203046877148,26992073.04686389,14683.72432134842,0.02670820886875379,1993,ES
88044.85228654863,0.4,42352.91369253595,26992073.04686389,29241.477739317717,0.04810379322881385,1993,ES
88044.85228654863,0.5,55219.47269969786,26992073.04686389,52365.10561223875,0.06271743465476197,1993,ES
88044.85228654863,0.6,65338.87741285179,26992073.04686389,58584.763163878706,0.0742109001446234,1993,ES
88044.85228654863,0.7,74852.30727738042,26992073.04686389,71666.01596382688,0.0425080543231352,1993,ES
88044.85228654863,0.75,87545.13723526419,26992073.04686389,79083.70445795401,0.049716215634244006,1993,ES
88044.85228654863,0.8,137385.97631733003,26992073.04686389,98663.92279625149,0.15604089591768175,1993,ES
88044.85228654863,0.9,259373.78420129718,26992073.04686389,199077.997056548,0.14729639352289742,1993,ES
88044.85228654863,0.95,496688.2888487011,26992073.04686389,341295.9727325463,0.22565239236574194,1993,ES
88044.85228654863,0.99,938042.7620871711,26992073.04686389,811899.5835899379,0.05327073291202874,1993,ES
88044.85228654863,0.9949999999999999,1474165.5812889491,26992073.04686389,1110745.121780842,0.06697339108440811,1993,ES
88044.85228654863,0.999,3030988.7437903252,26992073.04686389,2231324.401360502,0.0309829569653075,1993,ES
88044.85228654863,0.9998999999999999,10071060.326658217,26992073.04686389,5303704.098544919,0.011438556673241113,1993,ES
88760.33768408487,0,0,27407141.656234864,6.588856712476963e-10,0,1994,ES
88760.33768408487,0.1,225.81671031158746,27407141.656234864,0.0015284212763973385,2.544117296120623e-4,1994,ES
88760.33768408487,0.2,2984.0001732521687,27407141.656234864,2262.8569615597803,0.0033618621234551846,1994,ES
88760.33768408487,0.3,20243.157735967598,27407141.656234864,13252.338538454253,0.022806535288336663,1994,ES
88760.33768408487,0.4,41971.976068797354,27407141.656234864,26178.05090003581,0.047286859383279596,1994,ES
88760.33768408487,0.5,54110.564725912576,27407141.656234864,50836.3463516434,0.06096254941987995,1994,ES
88760.33768408487,0.6,64517.844083459495,27407141.656234864,58274.36361182376,0.07268769561590777,1994,ES
88760.33768408487,0.7,71765.0852930342,27407141.656234864,69552.95205917368,0.040426325071261,1994,ES
88760.33768408487,0.75,79584.70091083838,27407141.656234864,74450.28976797791,0.044831229233318,1994,ES
88760.33768408487,0.8,128477.20323418158,27407141.656234864,88196.79863760949,0.1447461857248185,1994,ES
88760.33768408487,0.9,250516.9889819098,27407141.656234864,190096.69323589077,0.14111989404183414,1994,ES
88760.33768408487,0.95,520535.4075205519,27407141.656234864,334665.9557678589,0.23458018349287404,1994,ES
88760.33768408487,0.99,1050636.7348845825,27407141.656234864,904631.8191652402,0.059183908167631055,1994,ES
88760.33768408487,0.9949999999999999,1679325.4217919966,27407141.656234864,1257522.601348608,0.07567909116204975,1994,ES
88760.33768408487,0.999,3685058.867916397,27407141.656234864,2565669.0771749844,0.03736525871418654,1994,ES
88760.33768408487,0.9998999999999999,13054880.080682779,27407141.656234864,7202663.745157636,0.01470801083155031,1994,ES
89996.0851154205,0,0,27830240.515607055,7.456138277428167e-10,0,1995,ES
89996.0851154205,0.1,238.81012477971237,27830240.515607055,0.0014728497453815597,2.65356125739733e-4,1995,ES
89996.0851154205,0.2,3185.243997586168,27830240.515607055,2294.8699070865446,0.0035393139529359225,1995,ES
89996.0851154205,0.3,20858.14579874462,27830240.515607055,14071.169718539606,0.02317672571200617,1995,ES
89996.0851154205,0.4,41800.832076689825,27830240.515607055,27860.608651063034,0.04644738937597119,1995,ES
89996.0851154205,0.5,54115.69685196758,27830240.515607055,50986.165923428234,0.060131167686420885,1995,ES
89996.0851154205,0.6,64265.41022061213,27830240.515607055,58252.56254409679,0.07140911756127098,1995,ES
89996.0851154205,0.7,71618.02200046503,27830240.515607055,69383.16986693232,0.03978952079338482,1995,ES
89996.0851154205,0.75,79262.8524230602,27830240.515607055,74294.36918726828,0.04403683355859602,1995,ES
89996.0851154205,0.8,126778.54371955476,27830240.515607055,87417.96160890243,0.14087117629279153,1995,ES
89996.0851154205,0.9,251037.83243392198,27830240.515607055,189631.18938965607,0.13947152929594892,1995,ES
89996.0851154205,0.95,525610.0254958804,27830240.515607055,335114.69363049633,0.23361461771221845,1995,ES
89996.0851154205,0.99,1076951.9429720342,27830240.515607055,924391.5035728996,0.059833266168790235,1995,ES
89996.0851154205,0.9949999999999999,1754774.3427856157,27830240.515607055,1297427.3188696045,0.07799336340175943,1995,ES
89996.0851154205,0.999,3856797.762207855,27830240.515607055,2699398.885097425,0.03856965535261849,1995,ES
89996.0851154205,0.9998999999999999,18765054.01731455,27830240.515607055,7129050.360416185,0.020850967009583832,1995,ES
90882.2499574434,0,0,28252792.250009578,2.080631489287297e-8,0,1996,ES
90882.2499574434,0.1,233.22610769370104,28252792.250009578,0.001412873773202251,2.566244869629787e-4,1996,ES
90882.2499574434,0.2,3133.166405385638,28252792.250009578,2318.2281866849517,0.003447500922185329,1996,ES
90882.2499574434,0.3,23429.944424181667,28252792.250009578,17003.708048629105,0.02578055058622888,1996,ES
90882.2499574434,0.4,41546.067444812405,28252792.250009578,31416.15263496008,0.04571417131977562,1996,ES
90882.2499574434,0.5,56672.450124801515,28252792.250009578,51961.28637311127,0.06235810639738671,1996,ES
90882.2499574434,0.6,65049.90750062592,28252792.250009578,60720.06218462232,0.07157603110737928,1996,ES
90882.2499574434,0.7,73365.5019451068,28252792.250009578,70073.24680104903,0.04036294324769746,1996,ES
90882.2499574434,0.75,81818.0694255738,28252792.250009578,76988.1584140731,0.04501322836081086,1996,ES
90882.2499574434,0.8,118120.62377756138,28252792.250009578,88620.03343416641,0.12997106017167556,1996,ES
90882.2499574434,0.9,230020.13382676544,28252792.250009578,168795.01291793594,0.12654843709001182,1996,ES
90882.2499574434,0.95,530084.7950937873,28252792.250009578,317607.40326730977,0.23330619360414404,1996,ES
90882.2499574434,0.99,1149531.8333490437,28252792.250009578,968740.0800849642,0.06324292333691671,1996,ES
90882.2499574434,0.9949999999999999,1983489.3114578526,28252792.250009578,1418200.823059605,0.0872993048647761,1996,ES
90882.2499574434,0.999,4513767.198934713,28252792.250009578,3157291.674749233,0.04469949281562739,1996,ES
90882.2499574434,0.9998999999999999,18561274.236919966,28252792.250009578,8997707.962385645,0.02042343168839905,1996,ES
93955.92397261718,0,0,28666399.328147255,1.0048086554367392e-8,0,1997,ES
93955.92397261718,0.1,245.49368347006114,28666399.328147255,0.0014177217926175847,2.612860084709599e-4,1997,ES
93955.92397261718,0.2,3333.7818068575657,28666399.328147255,2397.248350217326,0.0035482401384602136,1997,ES
93955.92397261718,0.3,24021.533891180497,28666399.328147255,17158.663354852204,0.02556681141061571,1997,ES
93955.92397261718,0.4,42730.78461018465,28666399.328147255,33806.603896249726,0.04547960661068933,1997,ES
93955.92397261718,0.5,59731.78875250579,28666399.328147255,54050.76396628369,0.06357426570560279,1997,ES
93955.92397261718,0.6,68574.40849855979,28666399.328147255,64207.8717437012,0.07298572096267748,1997,ES
93955.92397261718,0.7,76456.41530785919,28666399.328147255,73215.45751443962,0.0406873840813603,1997,ES
93955.92397261718,0.75,84620.84240768908,28666399.328147255,80125.82355374687,0.04503220171213011,1997,ES
93955.92397261718,0.8,119175.97293992632,28666399.328147255,90670.14446921792,0.12684242557676226,1997,ES
93955.92397261718,0.9,228756.08103421837,28666399.328147255,167999.69029155214,0.12173584770497681,1997,ES
93955.92397261718,0.95,528978.9952952814,28666399.328147255,315940.1623491132,0.22520304114063072,1997,ES
93955.92397261718,0.99,1190204.2989657184,28666399.328147255,997953.5531747779,0.0633384383145745,1997,ES
93955.92397261718,0.9949999999999999,2093954.4641069444,28666399.328147255,1471337.0262445696,0.08914624541257339,1997,ES
93955.92397261718,0.999,5143159.216508663,28666399.328147255,3448175.0438738354,0.049266114355986025,1997,ES
93955.92397261718,0.9998999999999999,25680381.589334443,28666399.328147255,11495138.470410777,0.027332370864496528,1997,ES
99584.14645658719,0,0,29070524.281264983,1.7351527483840007e-9,0,1998,ES
99584.14645658719,0.1,278.6326450864649,29070524.281264983,0.001393891222714547,2.797961874462943e-4,1998,ES
99584.14645658719,0.2,3721.8937442585775,29070524.281264983,2541.694407653019,0.0037374360043153083,1998,ES
99584.14645658719,0.3,24010.298929403005,29070524.281264983,17482.765511103247,0.024110563562313694,1998,ES
99584.14645658719,0.4,44938.70481433938,29070524.281264983,34434.75935286292,0.045126364399708935,1998,ES
99584.14645658719,0.5,63362.17619197777,29070524.281264983,57816.98603760358,0.06362677037112521,1998,ES
99584.14645658719,0.6,72939.16267606027,29070524.281264983,68494.49745983939,0.0732437494032822,1998,ES
99584.14645658719,0.7,80632.64539638605,29070524.281264983,77596.93940073841,0.040484679673153195,1998,ES
99584.14645658719,0.75,88693.11554248782,29070524.281264983,84184.9862290221,0.04453174460914462,1998,ES
99584.14645658719,0.8,121482.71825118369,29070524.281264983,94479.97138518778,0.12199001806391237,1998,ES
99584.14645658719,0.9,228125.32118823397,29070524.281264983,167805.1130534246,0.11453897498016057,1998,ES
99584.14645658719,0.95,534752.1212329617,29070524.281264983,317342.045431816,0.214794077274572,1998,ES
99584.14645658719,0.99,1273562.2733365286,29070524.281264983,1041570.9687299929,0.06394402716961074,1998,ES
99584.14645658719,0.9949999999999999,2347285.1834734185,29070524.281264983,1593474.8106614624,0.0942834885669985,1998,ES
99584.14645658719,0.999,6416151.140741093,29070524.281264983,4014964.28736747,0.057986499178197044,1998,ES
99584.14645658719,0.9998999999999999,37166606.48434458,29070524.281264983,15101470.608661233,0.03732181055604488,1998,ES
106885.96615076382,0,0,29731738.22734103,1.6871118230109004e-7,0,1999,ES
106885.96615076382,0.1,1107.191835431136,29731738.22734103,0.001360842596172008,0.0010358626817943807,1999,ES
106885.96615076382,0.2,3932.207412266612,29731738.22734103,2721.1129061472307,0.003678880917556745,1999,ES
106885.96615076382,0.3,24803.679450538453,29731738.22734103,13302.723433964116,0.02320574004594074,1999,ES
106885.96615076382,0.4,37799.43435585852,29731738.22734103,33026.48536039396,0.03536426316485926,1999,ES
106885.96615076382,0.5,50184.040129635105,29731738.22734103,43926.879865220224,0.04695100950750631,1999,ES
106885.96615076382,0.6,65555.02150017323,29731738.22734103,56895.96404099938,0.061331738731450626,1999,ES
106885.96615076382,0.7,87886.39236983984,29731738.22734103,78705.8710237273,0.041112222462336735,1999,ES
106885.96615076382,0.75,110446.46098168574,29731738.22734103,97726.14309501808,0.051665557677562604,1999,ES
106885.96615076382,0.8,159056.8546313964,29731738.22734103,124262.55902061037,0.14880985816888717,1999,ES
106885.96615076382,0.9,274089.2773005696,29731738.22734103,215006.72816960418,0.12821574579489853,1999,ES
106885.96615076382,0.95,581158.3473493335,29731738.22734103,361147.32095667813,0.21748724113307968,1999,ES
106885.96615076382,0.99,1372188.603300608,29731738.22734103,1133561.4420699216,0.06418937175368243,1999,ES
106885.96615076382,0.9949999999999999,2379125.299486147,29731738.22734103,1670415.4378292598,0.08903415051253533,1999,ES
106885.96615076382,0.999,6590860.3138516,29731738.22734103,4029073.8833563295,0.05549628726842357,1999,ES
106885.96615076382,0.9998999999999999,34654642.95739004,29731738.22734103,15524814.88260062,0.03242207017948825,1999,ES
114655.29755431814,0,0,29895072.735901903,6.269703057355972e-8,0,2000,ES
114655.29755431814,0.1,1247.1384798626405,29895072.735901903,0.0013636674985474057,0.0010877286147827636,2000,ES
114655.29755431814,0.2,4453.446357584556,29895072.735901903,2895.0776929754547,0.003884204613811871,2000,ES
114655.29755431814,0.3,27994.263485940595,29895072.735901903,13500.205779221023,0.024416022707261547,2000,ES
114655.29755431814,0.4,44593.68956149141,29895072.735901903,36192.8133854238,0.038893701828618135,2000,ES
114655.29755431814,0.5,56438.24381933867,29895072.735901903,51935.652739965335,0.04922427922931423,2000,ES
114655.29755431814,0.6,72885.83544803616,29895072.735901903,63821.978772751696,0.06356953145885506,2000,ES
114655.29755431814,0.7,93502.38438003104,29895072.735901903,84399.79747261033,0.04077543139065782,2000,ES
114655.29755431814,0.75,116136.96226212509,29895072.735901903,103612.1186253881,0.05064613879140871,2000,ES
114655.29755431814,0.8,172509.3550694626,29895072.735901903,130001.92394960036,0.15045912290946342,2000,ES
114655.29755431814,0.9,292108.40044538147,29895072.735901903,232734.30339904333,0.1273854792043055,2000,ES
114655.29755431814,0.95,621084.062928844,29895072.735901903,377884.6219310293,0.21667871478318915,2000,ES
114655.29755431814,0.99,1426758.324636606,29895072.735901903,1186384.0266866328,0.06221946805208222,2000,ES
114655.29755431814,0.9949999999999999,2483982.168715675,29895072.735901903,1742259.657993636,0.08665913295594407,2000,ES
114655.29755431814,0.999,6840942.372345248,29895072.735901903,4189121.5993868755,0.053698767230473836,2000,ES
114655.29755431814,0.9998999999999999,34857820.274562255,29895072.735901903,15475902.235384133,0.03040227622982982,2000,ES
121661.34583956916,0,0,30153572.603162687,1.3600244764321912e-7,0,2001,ES
121661.34583956916,0.1,1005.7260570304696,30153572.603162687,0.0011556943531488225,8.26660308654392e-4,2001,ES
121661.34583956916,0.2,4136.298901642458,30153572.603162687,3095.65858350613,0.003399846412267098,2001,ES
121661.34583956916,0.3,30174.696308321818,30153572.603162687,13489.287939638249,0.024802204923914137,2001,ES
121661.34583956916,0.4,49621.14081696301,30153572.603162687,39174.29779334698,0.040786283001009026,2001,ES
121661.34583956916,0.5,63159.26728486704,30153572.603162687,56810.54473021992,0.05191399688127163,2001,ES
121661.34583956916,0.6,80750.88212433926,30153572.603162687,69772.71455801585,0.0663734907476881,2001,ES
121661.34583956916,0.7,102135.90567614796,30153572.603162687,93093.93777363254,0.04197549557393165,2001,ES
121661.34583956916,0.75,126291.66071586747,30153572.603162687,112756.12300567309,0.05190295234872886,2001,ES
121661.34583956916,0.8,190311.7777917708,30153572.603162687,142206.76165565936,0.15642748029660028,2001,ES
121661.34583956916,0.9,318044.22522172483,30153572.603162687,256273.19561184762,0.13070882252162447,2001,ES
121661.34583956916,0.95,663074.8365427929,30153572.603162687,412683.0666623235,0.21800674058535194,2001,ES
121661.34583956916,0.99,1498599.3099910577,30153572.603162687,1253912.097235392,0.06158896647285079,2001,ES
121661.34583956916,0.9949999999999999,2556874.7985943323,30153572.603162687,1836343.6026756172,0.0840653136277507,2001,ES
121661.34583956916,0.999,6240092.37638217,30153572.603162687,4171623.733660191,0.046161606219193733,2001,ES
121661.34583956916,0.9998999999999999,25622049.855964225,30153572.603162687,13000462.795981502,0.021060140079147905,2001,ES
127444.66869865319,0,0,30806036.938040953,6.967932125337497e-10,0,2002,ES
127444.66869865319,0.1,967.8592796675536,30806036.938040953,0.0010736621991670858,7.594348900981384e-4,2002,ES
127444.66869865319,0.2,4127.047366080503,30806036.938040953,3233.2694376629506,0.0032383052254928227,2002,ES
127444.66869865319,0.3,33131.20444017274,30806036.938040953,12695.686517490492,0.02599654012873029,2002,ES
127444.66869865319,0.4,53446.81317851083,30806036.938040953,43288.80905312615,0.0419372687176797,2002,ES
127444.66869865319,0.5,66666.45135000143,30806036.938040953,60675.718062011714,0.052310113895494746,2002,ES
127444.66869865319,0.6,83668.05148175979,30806036.938040953,74464.52823996365,0.06565049157104831,2002,ES
127444.66869865319,0.7,107513.9208932161,30806036.938040953,98387.90261463875,0.04218062708744457,2002,ES
127444.66869865319,0.75,133733.90400240172,30806036.938040953,117591.69901303058,0.052467437582116416,2002,ES
127444.66869865319,0.8,202846.03842542204,30806036.938040953,151219.5327114197,0.1591640046591966,2002,ES
127444.66869865319,0.9,338754.822534169,30806036.938040953,272895.12550218974,0.13290270436308507,2002,ES
127444.66869865319,0.95,686019.3442766003,30806036.938040953,435577.7647037634,0.21531519561597812,2002,ES
127444.66869865319,0.99,1540164.7872623226,30806036.938040953,1287715.915847879,0.060424841736771914,2002,ES
127444.66869865319,0.9949999999999999,2617954.0648627644,30806036.938040953,1920979.359261499,0.08216755056433381,2002,ES
127444.66869865319,0.999,6435879.239874585,30806036.938040953,4196714.201522498,0.04544945955787713,2002,ES
127444.66869865319,0.9998999999999999,25534844.9228612,30806036.938040953,13301074.360555595,0.020036024404649404,2002,ES
137789.74499627072,0,0,31492987.493374616,5.3856439947951146e-8,0,2003,ES
137789.74499627072,0.1,938.9205793474067,31492987.493374616,0.0010213907536760353,6.814154270862601e-4,2003,ES
137789.74499627072,0.2,3890.336719488156,31492987.493374616,3168.663522592377,0.002823386253885184,2003,ES
137789.74499627072,0.3,35593.52149864786,31492987.493374616,12604.724161704176,0.025831763822199694,2003,ES
137789.74499627072,0.4,59002.69309005463,31492987.493374616,47272.53872353211,0.04282081594073022,2003,ES
137789.74499627072,0.5,73328.3973331875,31492987.493374616,66983.69444377805,0.053217601451524654,2003,ES
137789.74499627072,0.6,92160.89879420785,31492987.493374616,83136.62562502823,0.06688516536314235,2003,ES
137789.74499627072,0.7,117223.29254532838,31492987.493374616,105517.53443928332,0.04253701628829531,2003,ES
137789.74499627072,0.75,146566.20776040174,31492987.493374616,130426.97779226185,0.05318473002630518,2003,ES
137789.74499627072,0.8,217483.3839926822,31492987.493374616,164252.42246041232,0.15783713366954005,2003,ES
137789.74499627072,0.9,361710.13700253644,31492987.493374616,290080.8000598875,0.13125437492185127,2003,ES
137789.74499627072,0.95,737576.7512981874,31492987.493374616,466041.860798719,0.2141165879414758,2003,ES
137789.74499627072,0.99,1627324.469688201,31492987.493374616,1368331.4006180975,0.05905100084669618,2003,ES
137789.74499627072,0.9949999999999999,2842001.361399561,31492987.493374616,2019222.3817618561,0.08250255086767341,2003,ES
137789.74499627072,0.999,7017180.7973990925,31492987.493374616,4490999.56455664,0.04583405476096509,2003,ES
137789.74499627072,0.9998999999999999,29517873.664650068,31492987.493374616,14639423.320116984,0.021422402418611406,2003,ES
152542.34066401594,0,0,32086957.277852226,3.765746861620553e-8,0,2004,ES
152542.34066401594,0.1,1066.2706492412563,32086957.277852226,0.001091633799493852,6.989997954664824e-4,2004,ES
152542.34066401594,0.2,4246.805505795412,32086957.277852226,3146.4837259447904,0.0027840175306797386,2004,ES
152542.34066401594,0.3,40889.060106183584,32086957.277852226,14400.02254734428,0.026805056175350235,2004,ES
152542.34066401594,0.4,67676.3906794743,32086957.277852226,56613.968730719345,0.04436564326001511,2004,ES
152542.34066401594,0.5,84134.55536396647,32086957.277852226,76062.70249646723,0.05515488683189808,2004,ES
152542.34066401594,0.6,104352.81856793634,32086957.277852226,92227.49838434553,0.06840908439826549,2004,ES
152542.34066401594,0.7,131598.21630744025,32086957.277852226,119106.0946687113,0.04313498001099042,2004,ES
152542.34066401594,0.75,163977.93864430167,32086957.277852226,146511.83377324298,0.05374833568519625,2004,ES
152542.34066401594,0.8,237945.89151596243,32086957.277852226,182789.01085050806,0.15598678404971714,2004,ES
152542.34066401594,0.9,389425.63741428574,32086957.277852226,311646.2931682541,0.1276450970003206,2004,ES
152542.34066401594,0.95,785638.3023953227,32086957.277852226,502745.5550138707,0.20601186502722962,2004,ES
152542.34066401594,0.99,1724596.5633374692,32086957.277852226,1422934.6329498063,0.05652845484834813,2004,ES
152542.34066401594,0.9949999999999999,3046135.8049339075,32086957.277852226,2121959.76986047,0.07987646686616144,2004,ES
152542.34066401594,0.999,8470891.869125132,32086957.277852226,5185188.125056464,0.049978272583371994,2004,ES
152542.34066401594,0.9998999999999999,44042109.92406012,32086957.277852226,19315147.645994764,0.028872055936987145,2004,ES
166082.67427869551,0,0,32787485.28228331,1.0505346641793729e-8,0,2005,ES
166082.67427869551,0.1,1143.2273584182167,32787485.28228331,0.001058385758465259,6.883483562528749e-4,2005,ES
166082.67427869551,0.2,4833.728822676007,32787485.28228331,3021.2146837077657,0.0029104353260622205,2005,ES
166082.67427869551,0.3,46439.91589375554,32787485.28228331,18045.042916144244,0.027961926850856775,2005,ES
166082.67427869551,0.4,75383.43939067938,32787485.28228331,65789.78696708781,0.045389104985256896,2005,ES
166082.67427869551,0.5,92620.47780122666,32787485.28228331,84252.21075532891,0.05576769413394955,2005,ES
166082.67427869551,0.6,117171.3055156194,32787485.28228331,102864.52378059755,0.07054998724249811,2005,ES
166082.67427869551,0.7,148474.00667487082,32787485.28228331,133540.836457957,0.04469882464251621,2005,ES
166082.67427869551,0.75,183570.3219829165,32787485.28228331,164501.1546467209,0.05526474172582143,2005,ES
166082.67427869551,0.8,261986.76904567817,32787485.28228331,206036.9031785116,0.1577447919739361,2005,ES
166082.67427869551,0.9,421632.22475254466,32787485.28228331,338938.1268030712,0.12693443990582154,2005,ES
166082.67427869551,0.95,848283.1525842387,32787485.28228331,542031.136938091,0.20430382790218696,2005,ES
166082.67427869551,0.99,1844567.4831019263,32787485.28228331,1531726.536232732,0.05553160469967521,2005,ES
166082.67427869551,0.9949999999999999,3276726.512688665,32787485.28228331,2311017.333567868,0.07891796123634759,2005,ES
166082.67427869551,0.999,9005251.82197381,32787485.28228331,5505128.781206394,0.0487993505341525,2005,ES
166082.67427869551,0.9998999999999999,40751640.15957266,32787485.28228331,20070379.573029175,0.024536960484649956,2005,ES
175782.8651839339,0,0.03761525439144411,33353022.929746553,2.5565081198286072e-8,2.1398703651851757e-8,2006,ES
175782.8651839339,0.1,1479.5569907178974,33353022.929746553,9.021234030888893,8.416957984896501e-4,2006,ES
175782.8651839339,0.2,5853.909887272326,33353022.929746553,3016.185009151576,0.0033301936916018357,2006,ES
175782.8651839339,0.3,45797.19210541045,33353022.929746553,21363.606076533382,0.02605327433791096,2006,ES
175782.8651839339,0.4,72419.56332052762,33353022.929746553,60806.26214210261,0.04119830635639598,2006,ES
175782.8651839339,0.5,89591.77991521423,33353022.929746553,80759.37985922676,0.05096729981131441,2006,ES
175782.8651839339,0.6,112807.48011790871,33353022.929746553,99269.94091263824,0.06417433235023809,2006,ES
175782.8651839339,0.7,147622.23335287164,33353022.929746553,131899.81547069142,0.04198993832487721,2006,ES
175782.8651839339,0.75,184444.58593876509,33353022.929746553,163166.85168565865,0.05246375570957046,2006,ES
175782.8651839339,0.8,268551.8332279525,33353022.929746553,206068.33638815692,0.1527747502277585,2006,ES
175782.8651839339,0.9,444610.8508609575,33353022.929746553,351288.1289926482,0.1264659244220788,2006,ES
175782.8651839339,0.95,961250.3933218138,33353022.929746553,594567.4967323064,0.21873585740361925,2006,ES
175782.8651839339,0.99,2122597.6140309083,33353022.929746553,1773147.3776575804,0.060375555143268415,2006,ES
175782.8651839339,0.9949999999999999,3728485.110849911,33353022.929746553,2636511.4378163866,0.08484297048972649,2006,ES
175782.8651839339,0.999,9823412.264059156,33353022.929746553,6272182.422960493,0.050295408647488125,2006,ES
175782.8651839339,0.9998999999999999,44808310.741865344,33353022.929746553,21727119.833162352,0.025490715886912013,2006,ES
182532.3790324835,0,3.1349333539588964e-4,34046356.4924335,3.94861348520041e-11,1.7174669889121444e-10,2007,ES
182532.3790324835,0.1,1412.0416178792786,34046356.4924335,8.937806864348754,7.735841856463129e-4,2007,ES
182532.3790324835,0.2,6762.193966637623,34046356.4924335,3002.5809658758426,0.0037046544851279347,2007,ES
182532.3790324835,0.3,46189.859799389,34046356.4924335,24097.702353494155,0.02530502261802497,2007,ES
182532.3790324835,0.4,72158.409395894,34046356.4924335,60636.722458087606,0.03953184074977332,2007,ES
182532.3790324835,0.5,91043.01223373263,34046356.4924335,82003.21607501655,0.049877732770650295,2007,ES
182532.3790324835,0.6,112020.54605285419,34046356.4924335,99045.03454350356,0.06137023285765588,2007,ES
182532.3790324835,0.7,148667.93515525304,34046356.4924335,132321.1949239856,0.04072371596296244,2007,ES
182532.3790324835,0.75,188083.62411661883,34046356.4924335,166922.26179727525,0.05152061927685379,2007,ES
182532.3790324835,0.8,279824.31592023926,34046356.4924335,210602.4518104303,0.15330119368599346,2007,ES
182532.3790324835,0.9,470260.8481484985,34046356.4924335,369650.32820250245,0.12881573412923364,2007,ES
182532.3790324835,0.95,1016945.0038804011,34046356.4924335,629927.2607434897,0.2228525172949017,2007,ES
182532.3790324835,0.99,2260230.987857718,34046356.4924335,1889050.54350728,0.061913152062063444,2007,ES
182532.3790324835,0.9949999999999999,3833674.147579206,34046356.4924335,2733911.1614208682,0.08401082959417462,2007,ES
182532.3790324835,0.999,10209353.580505764,34046356.4924335,6443391.090216342,0.050338566073359535,2007,ES
182532.3790324835,0.9998999999999999,47386508.24170374,34046356.4924335,21977866.511119206,0.025960604081820587,2007,ES
178586.48442453053,0,0,34612127.43473778,3.9829008400148446e-9,0,2008,ES
178586.48442453053,0.1,0.25592103533719585,34612127.43473778,5.457689571969696e-4,1.433036974560896e-7,2008,ES
178586.48442453053,0.2,8809.178590120728,34612127.43473778,5.849270886769315,0.004932724118797147,2008,ES
178586.48442453053,0.3,45750.613197980485,34612127.43473778,32032.277765660543,0.025618183450671163,2008,ES
178586.48442453053,0.4,72454.89621099933,34612127.43473778,61844.49361170748,0.040571321197387857,2008,ES
178586.48442453053,0.5,90076.35577625295,34612127.43473778,80926.01132125196,0.05043850662412173,2008,ES
178586.48442453053,0.6,108288.78196167188,34612127.43473778,98136.28333297784,0.060636605457919754,2008,ES
178586.48442453053,0.7,140047.0111462242,34612127.43473778,124732.39880821045,0.039209857228979524,2008,ES
178586.48442453053,0.75,181130.62777494817,34612127.43473778,158730.37410027767,0.050712300082118744,2008,ES
178586.48442453053,0.8,277585.7666089965,34612127.43473778,207375.75260390158,0.1554349241508824,2008,ES
178586.48442453053,0.9,487076.8020248439,34612127.43473778,378944.0343455722,0.13637000683292996,2008,ES
178586.48442453053,0.95,1005676.5669248387,34612127.43473778,651733.1157934968,0.22525255932227772,2008,ES
178586.48442453053,0.99,2120297.4607775207,34612127.43473778,1767732.3491857825,0.0593633238150645,2008,ES
178586.48442453053,0.9949999999999999,3711757.6833825116,34612127.43473778,2639735.4867620375,0.08313636265013509,2008,ES
178586.48442453053,0.999,9091218.749795632,34612127.43473778,6135974.713143487,0.04581587963490522,2008,ES
178586.48442453053,0.9998999999999999,40194999.612967975,34612127.43473778,18771260.085133333,0.022507302130130864,2008,ES
162389.32077836298,0,0,34890003.77218157,9.299311419587973e-10,0,2009,ES
162389.32077836298,0.1,0.12534089695861367,34890003.77218157,5.442243443537466e-4,7.718543088783848e-8,2009,ES
162389.32077836298,0.2,7399.740757506772,34890003.77218157,2.8921242171481776,0.004556790263077894,2009,ES
162389.32077836298,0.3,37017.958414976725,34890003.77218157,25191.153830505158,0.02279580839278261,2009,ES
162389.32077836298,0.4,59752.55019197415,34890003.77218157,50978.00535374761,0.03679586188646444,2009,ES
162389.32077836298,0.5,77317.4099118264,34890003.77218157,71453.31903206428,0.04761237348689514,2009,ES
162389.32077836298,0.6,92066.93293520056,34890003.77218157,82298.32005866576,0.05669518937200191,2009,ES
162389.32077836298,0.7,120583.51284252423,34890003.77218157,107623.34805266686,0.03712790726155654,2009,ES
162389.32077836298,0.75,158958.8782183999,34890003.77218157,137189.98155107445,0.04894375980405604,2009,ES
162389.32077836298,0.8,251599.65774418856,34890003.77218157,183130.00934614366,0.1549360860296868,2009,ES
162389.32077836298,0.9,445105.2110623805,34890003.77218157,348210.150623606,0.13704879388894106,2009,ES
162389.32077836298,0.95,930167.4131341191,34890003.77218157,593970.6628364797,0.22912034083907742,2009,ES
162389.32077836298,0.99,1978916.240877648,34890003.77218157,1634879.631801481,0.060931230926771635,2009,ES
162389.32077836298,0.9949999999999999,3554292.7562719127,34890003.77218157,2468325.6296138368,0.08754991373165705,2009,ES
162389.32077836298,0.999,9054835.838655896,34890003.77218157,6069554.551708071,0.050184040525128204,2009,ES
162389.32077836298,0.9998999999999999,41737021.3291087,34890003.77218157,18947193.117468826,0.025701826406500716,2009,ES
163294.0966088183,0,0,35041459.78467329,1.9055894101713855e-9,0,2010,ES
163294.0966088183,0.1,0.0784288503508945,35041459.78467329,5.120790981394517e-4,4.8029201287524766e-8,2010,ES
163294.0966088183,0.2,9485.699514465281,35041459.78467329,2.6683977495677635,0.005808966589397835,2010,ES
163294.0966088183,0.3,39708.42446995115,35041459.78467329,25038.07040696909,0.024317121864530895,2010,ES
163294.0966088183,0.4,63128.55940716073,35041459.78467329,52782.42450288306,0.03865942536697411,2010,ES
163294.0966088183,0.5,79784.4205167035,35041459.78467329,74981.29355973424,0.04885934162570021,2010,ES
163294.0966088183,0.6,98782.46335102474,35041459.78467329,87210.20086738803,0.06049359125802604,2010,ES
163294.0966088183,0.7,126509.35715237053,35041459.78467329,112557.7397383534,0.03873665973835909,2010,ES
163294.0966088183,0.75,165209.96796775138,35041459.78467329,143388.67547503964,0.05058663215594462,2010,ES
163294.0966088183,0.8,261681.62400782184,35041459.78467329,188647.02456288997,0.1602517356366515,2010,ES
163294.0966088183,0.9,456980.52649570606,35041459.78467329,361754.68079570925,0.13992561151504215,2010,ES
163294.0966088183,0.95,921452.741628945,35041459.78467329,600996.6912973238,0.2257161185284845,2010,ES
163294.0966088183,0.99,1919967.6616259995,35041459.78467329,1647558.05446879,0.058788642746386795,2010,ES
163294.0966088183,0.9949999999999999,3321461.341179764,35041459.78467329,2349365.916960457,0.08136145543917944,2010,ES
163294.0966088183,0.999,8139478.939650562,35041459.78467329,5394848.224711174,0.04486096679436911,2010,ES
163294.0966088183,0.9998999999999999,35326526.747374065,35041459.78467329,16518299.480264971,0.021633682711773964,2010,ES
159838.07329667552,0,0.005462202432917094,35173021.266690515,4.3441841576242915e-9,3.4173350067719463e-9,2011,ES
159838.07329667552,0.1,1854.1762856329535,35173021.266690515,1.6781475420216323,0.001160034181713024,2011,ES
159838.07329667552,0.2,7992.308754476441,35173021.266690515,2980.1590000595247,0.005000253437516048,2011,ES
159838.07329667552,0.3,36861.53929798795,35173021.266690515,22192.941860722087,0.02306180157062407,2011,ES
159838.07329667552,0.4,57223.037166271184,35173021.266690515,49266.88791808523,0.03580062996634067,2011,ES
159838.07329667552,0.5,76932.29697632747,35173021.266690515,67067.52124606314,0.04813139660006624,2011,ES
159838.07329667552,0.6,103537.71358324494,35173021.266690515,86937.76448663355,0.06477662765057766,2011,ES
159838.07329667552,0.7,130495.00808919521,35173021.266690515,119302.61322180706,0.040821002592725045,2011,ES
159838.07329667552,0.75,163218.30682548668,35173021.266690515,144466.0446127724,0.051057393103874964,2011,ES
159838.07329667552,0.8,250416.8469765725,35173021.266690515,185375.46999728715,0.15666908503818963,2011,ES
159838.07329667552,0.9,429094.1099177769,35173021.266690515,336302.55018255854,0.13422775345938215,2011,ES
159838.07329667552,0.95,868866.0897450686,35173021.266690515,564591.4546121048,0.2174365773622325,2011,ES
159838.07329667552,0.99,1888308.1671856132,35173021.266690515,1549875.9636473106,0.05906941094318259,2011,ES
159838.07329667552,0.9949999999999999,3405865.32184236,35173021.266690515,2374263.9117118493,0.0852328923039714,2011,ES
159838.07329667552,0.999,8367315.023219558,35173021.266690515,5676850.702009165,0.04711382817358699,2011,ES
159838.07329667552,0.9998999999999999,48656803.707751796,35173021.266690515,17905007.299534447,0.030441310198658703,2011,ES
148763.69504140416,0,0,35200007.3519993,9.821664459709305e-9,0,2012,ES
148763.69504140416,0.1,1835.940222893848,35200007.3519993,9.47956433389636e-4,0.0012341319045502774,2012,ES
148763.69504140416,0.2,7480.613500432825,35200007.3519993,2791.3155170735504,0.005028520902462665,2012,ES
148763.69504140416,0.3,33791.303769965896,35200007.3519993,22144.85407591997,0.02271475158005524,2012,ES
148763.69504140416,0.4,52934.925988768766,35200007.3519993,44601.52581266051,0.03558322880729455,2012,ES
148763.69504140416,0.5,70508.90141963979,35200007.3519993,61287.86732066683,0.04739657844611592,2012,ES
148763.69504140416,0.6,95566.08320020909,35200007.3519993,79881.2010447205,0.06424019191887576,2012,ES
148763.69504140416,0.7,125477.2261985965,35200007.3519993,111539.94211559577,0.04217333609644261,2012,ES
148763.69504140416,0.75,157560.64776609952,35200007.3519993,139021.65558071117,0.05295668668429052,2012,ES
148763.69504140416,0.8,242087.63750412967,35200007.3519993,179559.2135425562,0.16273300917724004,2012,ES
148763.69504140416,0.9,406634.7403681801,35200007.3519993,323281.26132288855,0.13667136335078403,2012,ES
148763.69504140416,0.95,808265.7966227222,35200007.3519993,530122.2377974489,0.21732877672815668,2012,ES
148763.69504140416,0.99,1738840.8078316685,35200007.3519993,1471305.5201614532,0.0584430498095545,2012,ES
148763.69504140416,0.9949999999999999,3079635.436668021,35200007.3519993,2161435.6887597917,0.0828061022767949,2012,ES
148763.69504140416,0.999,7538872.493344555,35200007.3519993,5166397.030527907,0.04560914705782848,2012,ES
148763.69504140416,0.9998999999999999,37311608.69393629,35200007.3519993,15740303.547285216,0.02508112525948551,2012,ES
143876.58861187057,0,4.123667016313556e-18,35082703.326384775,1.3724446119924862e-11,2.8661139773321898e-24,2013,ES
143876.58861187057,0.1,1885.503292300216,35082703.326384775,9.318885992510923e-4,0.0013105004160104557,2013,ES
143876.58861187057,0.2,8594.016756954421,35082703.326384775,2692.4146768143846,0.00597318635357564,2013,ES
143876.58861187057,0.3,33645.50764717828,35082703.326384775,22939.06847040147,0.02338497734189561,2013,ES
143876.58861187057,0.4,50305.909629505404,35082703.326384775,43039.58638370547,0.034964624971205976,2013,ES
143876.58861187057,0.5,66302.81091846441,35082703.326384775,59128.247934863175,0.04608311300549844,2013,ES
143876.58861187057,0.6,91185.21606785392,35082703.326384775,76349.9526475834,0.06337738262188032,2013,ES
143876.58861187057,0.7,120594.12858195919,35082703.326384775,109180.44596241413,0.04190887820786488,2013,ES
143876.58861187057,0.75,154486.9721808776,35082703.326384775,134376.0560128413,0.05368732108238621,2013,ES
143876.58861187057,0.8,235972.13023271394,35082703.326384775,175848.65687380865,0.16401009539452266,2013,ES
143876.58861187057,0.9,398842.9175407415,35082703.326384775,316642.8415899839,0.13860591267446631,2013,ES
143876.58861187057,0.95,777176.2681499809,35082703.326384775,516438.1775405194,0.21606747161528414,2013,ES
143876.58861187057,0.99,1644277.129799772,35082703.326384775,1384266.9727301407,0.05714192787248485,2013,ES
143876.58861187057,0.9949999999999999,2925961.7237752946,35082703.326384775,2028414.46056044,0.08134643035410338,2013,ES
143876.58861187057,0.999,7151867.5994598735,35082703.326384775,4774793.41952535,0.04473751359838758,2013,ES
143876.58861187057,0.9998999999999999,39423141.32578722,35082703.326384775,15768416.569198282,0.02740066449043818,2013,ES
